Source File	Size	loadResources	load	generateSnapshots	load-configure	scan	loadDepInfo	loadInfo	checkR4R4B	generateNarratives	validate	loadLists	checkConformanceResources	checkConformanceResources2	checkConformanceResources3	generateLogicalMaps	validateExpressions	scanForUsageStats	checkURLsUnique	processProvenanceDetails	translate	generate1	generate2	generateLogicals	makeDependencies	generateExampleZip	generateValidationPack	scanProfilesForR5	scanExamplesForR5
/fsh-generated/resources/ImplementationGuide-ans.fhir.fr.sdo.json	10998	-	0	0	0	0	0	0	17	80	0	0	0	0	0	0	0	1	0	0	15	125	250	0	0	0	4	0	2
fsh-generated/resources/Bundle-exemple-bundle-resultat-recherche-decision-evaluation-elements.json	2535	6	12	0	1	0	0	0	1	14	0	0	0	0	0	0	0	0	0	0	8	19	38	0	0	0	0	0	1
fsh-generated/resources/Bundle-exemple-bundle-resultat-recherche-decision-evaluation.json	2724	3	5	0	0	0	0	0	0	808	0	0	0	0	0	0	0	0	0	0	3	14	36	0	0	0	0	0	0
fsh-generated/resources/Bundle-exemple-esms-bundle-resultat-recherche-notifications-esms.json	11069	7	11	0	0	0	0	0	2	54	0	0	0	0	0	0	0	0	0	0	4	32	77	0	0	0	0	0	0
fsh-generated/resources/CapabilityStatement-ESMSConsommateur.json	2509	2	0	0	0	0	1	0	1	34	0	0	0	0	0	0	0	0	0	0	3	32	89	0	0	0	2	0	0
fsh-generated/resources/CapabilityStatement-ESMSProducteur.json	1913	2	0	0	0	0	0	0	0	9	0	0	0	0	1	0	0	0	0	0	3	28	66	0	0	0	1	0	0
fsh-generated/resources/CapabilityStatement-gestionnaire-sdo.json	2758	2	0	0	0	0	0	0	0	9	0	0	0	0	0	0	0	0	0	0	4	46	102	0	0	0	1	0	0
fsh-generated/resources/CodeSystem-input-task-sdo-codesystem.json	4519	3	0	0	0	0	0	0	1	9	0	0	0	0	1	0	0	0	0	0	3	38	218	0	0	0	1	0	0
fsh-generated/resources/Consent-exemple-consent.json	1058	2	0	0	0	0	0	0	0	303	0	0	0	0	0	0	0	0	0	0	3	30	29	0	0	0	0	0	0
fsh-generated/resources/DocumentReference-exemple-esms-document-reference.json	756	1	0	0	0	0	0	0	0	314	0	0	0	0	0	0	0	0	0	0	3	12	14	0	0	0	0	0	0
fsh-generated/resources/StructureDefinition-esms-bundle-resultat-recherche-decision-evaluation.json	1320	2	0	61	0	0	0	1	1	39	0	0	1	0	0	0	0	2	0	0	1	226	1129	0	0	0	5	0	1
fsh-generated/resources/StructureDefinition-esms-bundle-resultat-recherche-notification-esms.json	1127	2	0	77	0	0	0	0	0	21	0	0	0	0	0	0	0	1	0	0	0	210	617	0	0	0	5	0	1
fsh-generated/resources/StructureDefinition-esms-consent.json	3458	4	0	62	0	0	0	0	0	75	0	0	0	0	1	0	0	3	0	0	1	386	893	0	0	0	11	0	3
fsh-generated/resources/StructureDefinition-esms-document-reference.json	4643	3	0	46	0	0	0	0	0	56	0	0	0	0	0	0	0	3	0	0	1	267	861	0	0	0	11	0	2
fsh-generated/resources/StructureDefinition-esms-task.json	18000	13	0	102	0	0	0	0	0	154	0	0	0	0	0	0	0	6	0	0	1	955	2122	0	0	0	31	0	1
fsh-generated/resources/Task-exemple-esms-task.json	5988	3	0	0	0	0	0	0	1	13	0	0	0	0	0	0	0	1	0	0	4	24	25	0	0	0	0	0	0
fsh-generated/resources/ValueSet-type-document-reference-esms-valueset.json	782	2	0	0	1	0	0	0	0	273	0	0	0	0	1	0	0	0	0	0	3	9	283	0	0	0	0	0	0
/fsh-generated/includes/menu.xml	3824	-	-	-	0	0	0	0	0	0	0	0	0	0	0	0	0	0	0	0	0	0	1	0	0	0	0	0	0
/fsh-generated/includes/fsh-link-references.md	1340	-	-	-	0	0	0	0	0	0	0	0	0	0	0	0	0	0	0	0	0	0	1	0	0	0	0	0	0
/input/data/features.yml	195	-	-	-	0	0	0	0	0	0	0	0	0	0	0	0	0	0	0	0	0	0	0	0	0	0	0	0	0
/input/pagecontent/securite.md	2368	-	-	-	0	0	0	0	0	0	0	0	0	0	0	0	0	0	0	0	0	0	1	0	0	0	0	0	0
/input/pagecontent/st_flux5.md	6551	-	-	-	0	0	0	0	0	0	0	0	0	0	0	0	0	0	0	0	0	0	1	0	0	0	0	0	0
/input/pagecontent/st_flux3.md	7657	-	-	-	0	0	0	0	0	0	0	0	0	0	0	0	0	0	0	0	0	0	2	0	0	0	0	0	0
/input/pagecontent/tests.md	1825	-	-	-	0	0	0	0	0	0	0	0	0	0	0	0	0	0	0	0	0	0	0	0	0	0	0	0	0
/input/pagecontent/contenu_dossier.md	883585	-	-	-	0	0	0	0	0	0	0	0	0	0	0	0	0	0	0	0	0	0	47	0	0	0	0	0	0
/input/pagecontent/annexes_Nomenclature.md	641	-	-	-	0	0	0	0	0	0	0	0	0	0	0	0	0	0	0	0	0	0	0	0	0	0	0	0	0
/input/pagecontent/annexes_Diagramme.md	113	-	-	-	0	0	0	0	0	0	0	0	0	0	0	0	0	0	0	0	0	0	1	0	0	0	0	0	0
/input/pagecontent/synthese_flux.md	8163	-	-	-	0	0	0	0	0	0	0	0	0	0	0	0	0	0	0	0	0	0	0	0	0	0	0	0	0
/input/pagecontent/ressource_cda.md	601	-	-	-	0	0	0	0	0	0	0	0	0	0	0	0	0	0	0	0	0	0	0	0	0	0	0	0	0
/input/pagecontent/correspondance_objet.md	48319	-	-	-	0	0	0	0	0	0	0	0	0	0	0	0	0	0	0	0	0	0	3	0	0	0	0	0	0
/input/pagecontent/st_flux2.md	1130	-	-	-	0	0	0	0	0	0	0	0	0	0	0	0	0	0	0	0	0	0	0	0	0	0	0	0	0
/input/pagecontent/annexes_Nomenclatures_precision.md	7395	-	-	-	0	0	0	0	0	0	0	0	0	0	0	0	0	0	0	0	0	0	1	0	0	0	0	0	0
/input/pagecontent/annexes_OID_MDPH.md	13658	-	-	-	0	0	0	0	0	0	0	0	0	0	0	0	0	0	0	0	0	0	1	0	0	0	0	0	0
/input/pagecontent/st_flux1.md	12973	-	-	-	0	0	0	0	0	0	0	0	0	0	0	0	0	0	0	0	0	0	1	0	0	0	0	0	0
/input/pagecontent/annexes_Glossaire.md	827	-	-	-	0	0	0	0	0	0	0	0	0	0	0	0	0	0	0	0	0	0	1	0	0	0	0	0	0
/input/pagecontent/changes.md	12202	-	-	-	0	0	0	0	0	0	0	0	0	0	0	0	0	0	0	0	0	0	1	0	0	0	0	0	0
/input/pagecontent/downloads.md	1041	-	-	-	0	0	0	0	0	0	0	0	0	0	0	0	0	0	0	0	0	0	0	0	0	0	0	0	0
/input/pagecontent/translationinfo.md	58	-	-	-	0	0	0	0	0	0	0	0	0	0	0	0	0	0	0	0	0	0	0	0	0	0	0	0	0
/input/pagecontent/index.md	7078	-	-	-	0	0	0	0	0	0	0	0	0	0	0	0	0	0	0	0	0	0	6	0	0	0	0	0	0
/input/pagecontent/st_flux4.md	957	-	-	-	0	0	0	0	0	0	0	0	0	0	0	0	0	0	0	0	0	0	1	0	0	0	0	0	0
/input/pagecontent/ressource_fhir.md	2247	-	-	-	0	0	0	0	0	0	0	0	0	0	0	0	0	0	0	0	0	0	7	0	0	0	0	0	0
/template/config	0	-	-	-	0	0	0	0	0	0	0	0	0	0	0	0	0	0	0	0	0	0	1	0	0	0	0	0	0
/template/config/_config.yml	140	-	-	-	0	0	0	0	0	0	0	0	0	0	0	0	0	0	0	0	0	0	0	0	0	0	0	0	0
/input/images	0	-	-	-	0	0	0	0	0	0	0	0	0	0	0	0	0	0	0	0	0	0	0	0	0	0	0	0	0
/input/images/ESMS_Mode_Operatoire_GWT_V1.0.pdf	438516	-	-	-	0	0	0	0	0	0	0	0	0	0	0	0	0	0	0	0	0	0	1	0	0	0	0	0	0
/input/images/DiagrammeSequence_Global_20251211.jpg	330666	-	-	-	0	0	0	0	0	0	0	0	0	0	0	0	0	0	0	0	0	0	1	0	0	0	0	0	0
/input/images/ci-sis-logo.png	61365	-	-	-	0	0	0	0	0	0	0	0	0	0	0	0	0	0	0	0	0	0	0	0	0	0	0	0	0
/input/images/20250123_XSD_MS.zip	44919	-	-	-	0	0	0	0	0	0	0	0	0	0	0	0	0	0	0	0	0	0	1	0	0	0	0	0	0
/input/images/NomenclatureCNSA_v2.11.xlsm	1891946	-	-	-	0	0	0	0	0	0	0	0	0	0	0	0	0	0	0	0	0	0	2	0	0	0	0	0	0
/input/images/CDA_SI-ESMS_Decision.xml	12688	-	-	-	0	0	0	0	0	0	0	0	0	0	0	0	0	0	0	0	0	0	1	0	0	0	0	0	0
/input/images/DiagrammeSequence_Global_20251211.drawio	50154	-	-	-	0	0	0	0	0	0	0	0	0	0	0	0	0	0	0	0	0	0	1	0	0	0	0	0	0
/input/images/CDA_SI-ESMS_Evaluation.xml	21720	-	-	-	0	0	0	0	0	0	0	0	0	0	0	0	0	0	0	0	0	0	1	0	0	0	0	0	0
/input/images/CISIS-SPECIFICATIONS_FONCTIONNELLES_SI-ESMS_v2.8.pdf	1365847	-	-	-	0	0	0	0	0	0	0	0	0	0	0	0	0	0	0	0	0	0	2	0	0	0	0	0	0
/input/images/type_donnee.png	61829	-	-	-	0	0	0	0	0	0	0	0	0	0	0	0	0	0	0	0	0	0	0	0	0	0	0	0	0
/temp/pages/_includes/artifacts.xml	12807	-	-	-	-	-	-	-	-	-	-	-	-	-	-	-	-	-	-	-	-	-	1	0	0	0	0	0	0
