Source File	Size	loadResources	load	generateSnapshots	load-configure	scan	loadDepInfo	loadInfo	checkR4R4B	generateNarratives	validate	loadLists	checkConformanceResources	checkConformanceResources2	checkConformanceResources3	generateLogicalMaps	validateExpressions	scanForUsageStats	checkURLsUnique	processProvenanceDetails	generate1	generate2	generateLogicals	makeDependencies	generateExampleZip	generateValidationPack	scanProfilesForR5	scanExamplesForR5
/fsh-generated/resources/ImplementationGuide-ans.fhir.fr.sdo.json	11116	-	0	0	0	0	0	0	15	374	0	0	0	0	0	0	0	1	0	0	78	144	0	0	0	3	0	0
fsh-generated/resources/Bundle-exemple-bundle-resultat-recherche-decision-evaluation-elements.json	2535	6	14	0	0	0	0	0	1	331	0	0	0	0	0	0	0	0	0	0	25	24	0	0	0	0	0	0
fsh-generated/resources/Bundle-exemple-bundle-resultat-recherche-decision-evaluation.json	2724	9	8	0	0	0	0	0	0	827	0	0	0	0	0	0	0	0	0	0	18	33	0	0	0	0	0	0
fsh-generated/resources/Bundle-exemple-sdo-bundle-resultat-recherche-notifications-esms.json	11061	8	18	0	1	0	0	0	2	384	0	0	0	0	0	0	0	0	0	0	29	33	0	0	0	0	0	0
fsh-generated/resources/CapabilityStatement-ESMSConsommateur.json	2507	9	0	0	0	0	0	0	0	218	0	0	0	0	0	0	0	0	0	0	23	48	0	1	0	1	0	0
fsh-generated/resources/CapabilityStatement-ESMSProducteur.json	1912	8	0	0	0	0	1	0	0	188	0	0	0	0	0	0	0	0	0	0	23	28	0	0	0	1	0	0
fsh-generated/resources/CapabilityStatement-gestionnaire-sdo.json	2756	9	0	0	0	0	0	0	1	207	0	0	0	0	0	0	0	0	0	0	21	37	0	0	0	1	0	0
fsh-generated/resources/CodeSystem-input-task-sdo-codesystem.json	4297	8	0	0	0	0	0	0	1	199	0	0	0	0	0	0	0	1	0	0	21	2407	0	0	0	1	0	0
fsh-generated/resources/Consent-exemple-consent.json	1058	9	0	0	0	0	0	0	0	309	0	0	0	0	0	0	0	0	0	0	11	23	0	0	0	0	0	1
fsh-generated/resources/DocumentReference-exemple-esms-document-reference.json	756	9	0	0	0	0	0	0	0	165	0	0	0	0	0	0	0	0	0	0	9	20	0	0	0	0	0	0
fsh-generated/resources/DocumentReference-exemple-sdo-document-reference.json	545	8	0	0	0	0	0	0	0	169	0	0	0	0	0	0	0	0	0	0	9	23	0	0	0	0	0	0
fsh-generated/resources/StructureDefinition-esms-bundle-resultat-recherche-decision-evaluation.json	1320	5	0	102	1	0	0	0	0	202	0	0	0	0	0	0	0	1	0	0	126	624	0	0	0	6	0	0
fsh-generated/resources/StructureDefinition-esms-consent.json	3458	11	0	95	0	0	0	0	0	194	0	0	0	0	0	0	0	1	0	0	217	537	0	0	0	11	0	1
fsh-generated/resources/StructureDefinition-esms-document-reference.json	2500	8	0	145	0	0	0	0	0	183	0	0	0	0	0	0	0	0	0	0	180	390	0	0	0	15	0	2
fsh-generated/resources/StructureDefinition-sdo-bundle-resultat-recherche-notification-esms.json	1127	9	0	182	0	0	0	0	0	179	0	0	0	0	0	0	0	1	0	0	102	288	0	0	0	6	0	0
fsh-generated/resources/StructureDefinition-sdo-document-reference.json	3204	8	0	0	0	0	0	0	0	207	0	0	1	0	0	0	0	1	0	0	188	351	0	0	0	11	0	1
fsh-generated/resources/StructureDefinition-sdo-task.json	17930	13	0	133	0	1	0	0	0	254	0	0	0	0	0	0	0	1	0	0	603	837	0	0	0	28	1	1
fsh-generated/resources/Task-exemple-sdo-task.json	5986	9	0	0	0	0	0	0	1	170	0	0	0	0	0	0	0	0	0	0	18	11	0	0	0	0	0	0
fsh-generated/resources/ValueSet-type-document-reference-esms-valueset.json	781	7	0	0	0	0	0	0	0	395	0	0	0	0	0	0	0	0	0	0	11	301	0	0	0	1	0	0
